[
  {
    "type": "post",
    "url": "v1/auth/facebook",
    "title": "Facebook Login",
    "description": "<p>Login with facebook. Creates a new user if it does not exist</p>",
    "version": "1.0.0",
    "name": "FacebookLogin",
    "group": "Auth",
    "permission": [
      {
        "name": "public"
      }
    ],
    "parameter": {
      "fields": {
        "Parameter": [
          {
            "group": "Parameter",
            "type": "String",
            "optional": false,
            "field": "access_token",
            "description": "<p>Facebook's access_token</p>"
          }
        ]
      }
    },
    "success": {
      "fields": {
        "Success 200": [
          {
            "group": "Success 200",
            "type": "String",
            "optional": false,
            "field": "tokenType",
            "description": "<p>Access Token's type</p>"
          },
          {
            "group": "Success 200",
            "type": "String",
            "optional": false,
            "field": "accessToken",
            "description": "<p>Authorization Token</p>"
          },
          {
            "group": "Success 200",
            "type": "String",
            "optional": false,
            "field": "refreshToken",
            "description": "<p>Token to get a new accessToken after expiration time</p>"
          },
          {
            "group": "Success 200",
            "type": "Number",
            "optional": false,
            "field": "expiresIn",
            "description": "<p>Access Token's expiration time in miliseconds</p>"
          }
        ]
      }
    },
    "error": {
      "fields": {
        "Bad Request 400": [
          {
            "group": "Bad Request 400",
            "optional": false,
            "field": "ValidationError",
            "description": "<p>Some parameters may contain invalid values</p>"
          }
        ],
        "Unauthorized 401": [
          {
            "group": "Unauthorized 401",
            "optional": false,
            "field": "Unauthorized",
            "description": "<p>Incorrect access_token</p>"
          }
        ]
      }
    },
    "filename": "src/api/routes/v1/auth.route.ts",
    "groupTitle": "Auth"
  },
  {
    "type": "post",
    "url": "v1/auth/google",
    "title": "Google Login",
    "description": "<p>Login with google. Creates a new user if it does not exist</p>",
    "version": "1.0.0",
    "name": "GoogleLogin",
    "group": "Auth",
    "permission": [
      {
        "name": "public"
      }
    ],
    "parameter": {
      "fields": {
        "Parameter": [
          {
            "group": "Parameter",
            "type": "String",
            "optional": false,
            "field": "access_token",
            "description": "<p>Google's access_token</p>"
          }
        ]
      }
    },
    "success": {
      "fields": {
        "Success 200": [
          {
            "group": "Success 200",
            "type": "String",
            "optional": false,
            "field": "tokenType",
            "description": "<p>Access Token's type</p>"
          },
          {
            "group": "Success 200",
            "type": "String",
            "optional": false,
            "field": "accessToken",
            "description": "<p>Authorization Token</p>"
          },
          {
            "group": "Success 200",
            "type": "String",
            "optional": false,
            "field": "refreshToken",
            "description": "<p>Token to get a new accpessToken after expiration time</p>"
          },
          {
            "group": "Success 200",
            "type": "Number",
            "optional": false,
            "field": "expiresIn",
            "description": "<p>Access Token's expiration time in miliseconds</p>"
          }
        ]
      }
    },
    "error": {
      "fields": {
        "Bad Request 400": [
          {
            "group": "Bad Request 400",
            "optional": false,
            "field": "ValidationError",
            "description": "<p>Some parameters may contain invalid values</p>"
          }
        ],
        "Unauthorized 401": [
          {
            "group": "Unauthorized 401",
            "optional": false,
            "field": "Unauthorized",
            "description": "<p>Incorrect access_token</p>"
          }
        ]
      }
    },
    "filename": "src/api/routes/v1/auth.route.ts",
    "groupTitle": "Auth"
  },
  {
    "type": "post",
    "url": "v1/auth/login",
    "title": "Login",
    "description": "<p>Get an accessToken</p>",
    "version": "1.0.0",
    "name": "Login",
    "group": "Auth",
    "permission": [
      {
        "name": "public"
      }
    ],
    "parameter": {
      "fields": {
        "Parameter": [
          {
            "group": "Parameter",
            "type": "String",
            "optional": false,
            "field": "email",
            "description": "<p>User's email</p>"
          },
          {
            "group": "Parameter",
            "type": "String",
            "size": "..128",
            "optional": false,
            "field": "password",
            "description": "<p>User's password</p>"
          }
        ]
      }
    },
    "success": {
      "fields": {
        "Success 200": [
          {
            "group": "Success 200",
            "type": "String",
            "optional": false,
            "field": "token.tokenType",
            "description": "<p>Access Token's type</p>"
          },
          {
            "group": "Success 200",
            "type": "String",
            "optional": false,
            "field": "token.accessToken",
            "description": "<p>Authorization Token</p>"
          },
          {
            "group": "Success 200",
            "type": "String",
            "optional": false,
            "field": "token.refreshToken",
            "description": "<p>Token to get a new accessToken after expiration time</p>"
          },
          {
            "group": "Success 200",
            "type": "Number",
            "optional": false,
            "field": "token.expiresIn",
            "description": "<p>Access Token's expiration time in miliseconds</p>"
          },
          {
            "group": "Success 200",
            "type": "String",
            "optional": false,
            "field": "user.id",
            "description": "<p>User's id</p>"
          },
          {
            "group": "Success 200",
            "type": "String",
            "optional": false,
            "field": "user.name",
            "description": "<p>User's name</p>"
          },
          {
            "group": "Success 200",
            "type": "String",
            "optional": false,
            "field": "user.email",
            "description": "<p>User's email</p>"
          },
          {
            "group": "Success 200",
            "type": "String",
            "optional": false,
            "field": "user.role",
            "description": "<p>User's role</p>"
          },
          {
            "group": "Success 200",
            "type": "Date",
            "optional": false,
            "field": "user.createdAt",
            "description": "<p>Timestamp</p>"
          }
        ]
      }
    },
    "error": {
      "fields": {
        "Bad Request 400": [
          {
            "group": "Bad Request 400",
            "optional": false,
            "field": "ValidationError",
            "description": "<p>Some parameters may contain invalid values</p>"
          }
        ],
        "Unauthorized 401": [
          {
            "group": "Unauthorized 401",
            "optional": false,
            "field": "Unauthorized",
            "description": "<p>Incorrect email or password</p>"
          }
        ]
      }
    },
    "filename": "src/api/routes/v1/auth.route.ts",
    "groupTitle": "Auth"
  },
  {
    "type": "post",
    "url": "v1/auth/refresh-token",
    "title": "Refresh Token",
    "description": "<p>Refresh expired accessToken</p>",
    "version": "1.0.0",
    "name": "RefreshToken",
    "group": "Auth",
    "permission": [
      {
        "name": "public"
      }
    ],
    "parameter": {
      "fields": {
        "Parameter": [
          {
            "group": "Parameter",
            "type": "String",
            "optional": false,
            "field": "email",
            "description": "<p>User's email</p>"
          },
          {
            "group": "Parameter",
            "type": "String",
            "optional": false,
            "field": "refreshToken",
            "description": "<p>Refresh token aquired when user logged in</p>"
          }
        ]
      }
    },
    "success": {
      "fields": {
        "Success 200": [
          {
            "group": "Success 200",
            "type": "String",
            "optional": false,
            "field": "tokenType",
            "description": "<p>Access Token's type</p>"
          },
          {
            "group": "Success 200",
            "type": "String",
            "optional": false,
            "field": "accessToken",
            "description": "<p>Authorization Token</p>"
          },
          {
            "group": "Success 200",
            "type": "String",
            "optional": false,
            "field": "refreshToken",
            "description": "<p>Token to get a new accessToken after expiration time</p>"
          },
          {
            "group": "Success 200",
            "type": "Number",
            "optional": false,
            "field": "expiresIn",
            "description": "<p>Access Token's expiration time in miliseconds</p>"
          }
        ]
      }
    },
    "error": {
      "fields": {
        "Bad Request 400": [
          {
            "group": "Bad Request 400",
            "optional": false,
            "field": "ValidationError",
            "description": "<p>Some parameters may contain invalid values</p>"
          }
        ],
        "Unauthorized 401": [
          {
            "group": "Unauthorized 401",
            "optional": false,
            "field": "Unauthorized",
            "description": "<p>Incorrect email or refreshToken</p>"
          }
        ]
      }
    },
    "filename": "src/api/routes/v1/auth.route.ts",
    "groupTitle": "Auth"
  },
  {
    "type": "post",
    "url": "v1/auth/register",
    "title": "Register",
    "description": "<p>Register a new user</p>",
    "version": "1.0.0",
    "name": "Register",
    "group": "Auth",
    "permission": [
      {
        "name": "public"
      }
    ],
    "parameter": {
      "fields": {
        "Parameter": [
          {
            "group": "Parameter",
            "type": "String",
            "optional": false,
            "field": "email",
            "description": "<p>User's email</p>"
          },
          {
            "group": "Parameter",
            "type": "String",
            "size": "6..128",
            "optional": false,
            "field": "password",
            "description": "<p>User's password</p>"
          }
        ]
      }
    },
    "success": {
      "fields": {
        "Created 201": [
          {
            "group": "Created 201",
            "type": "String",
            "optional": false,
            "field": "token.tokenType",
            "description": "<p>Access Token's type</p>"
          },
          {
            "group": "Created 201",
            "type": "String",
            "optional": false,
            "field": "token.accessToken",
            "description": "<p>Authorization Token</p>"
          },
          {
            "group": "Created 201",
            "type": "String",
            "optional": false,
            "field": "token.refreshToken",
            "description": "<p>Token to get a new accessToken after expiration time</p>"
          },
          {
            "group": "Created 201",
            "type": "Number",
            "optional": false,
            "field": "token.expiresIn",
            "description": "<p>Access Token's expiration time in miliseconds</p>"
          },
          {
            "group": "Created 201",
            "type": "String",
            "optional": false,
            "field": "token.timezone",
            "description": "<p>The server's Timezone</p>"
          },
          {
            "group": "Created 201",
            "type": "String",
            "optional": false,
            "field": "user.id",
            "description": "<p>User's id</p>"
          },
          {
            "group": "Created 201",
            "type": "String",
            "optional": false,
            "field": "user.name",
            "description": "<p>User's name</p>"
          },
          {
            "group": "Created 201",
            "type": "String",
            "optional": false,
            "field": "user.email",
            "description": "<p>User's email</p>"
          },
          {
            "group": "Created 201",
            "type": "String",
            "optional": false,
            "field": "user.role",
            "description": "<p>User's role</p>"
          },
          {
            "group": "Created 201",
            "type": "Date",
            "optional": false,
            "field": "user.createdAt",
            "description": "<p>Timestamp</p>"
          }
        ]
      }
    },
    "error": {
      "fields": {
        "Bad Request 400": [
          {
            "group": "Bad Request 400",
            "optional": false,
            "field": "ValidationError",
            "description": "<p>Some parameters may contain invalid values</p>"
          }
        ]
      }
    },
    "filename": "src/api/routes/v1/auth.route.ts",
    "groupTitle": "Auth"
  },
  {
    "type": "post",
    "url": "v1/users",
    "title": "Create User",
    "description": "<p>Create a new user</p>",
    "version": "1.0.0",
    "name": "CreateUser",
    "group": "User",
    "permission": [
      {
        "name": "admin"
      }
    ],
    "header": {
      "fields": {
        "Header": [
          {
            "group": "Header",
            "type": "String",
            "optional": false,
            "field": "Athorization",
            "description": "<p>User's access token</p>"
          }
        ]
      }
    },
    "parameter": {
      "fields": {
        "Parameter": [
          {
            "group": "Parameter",
            "type": "String",
            "optional": false,
            "field": "email",
            "description": "<p>User's email</p>"
          },
          {
            "group": "Parameter",
            "type": "String",
            "size": "6..128",
            "optional": false,
            "field": "password",
            "description": "<p>User's password</p>"
          },
          {
            "group": "Parameter",
            "type": "String",
            "size": "..128",
            "optional": true,
            "field": "name",
            "description": "<p>User's name</p>"
          },
          {
            "group": "Parameter",
            "type": "String",
            "allowedValues": [
              "user",
              "admin"
            ],
            "optional": true,
            "field": "role",
            "description": "<p>User's role</p>"
          }
        ]
      }
    },
    "success": {
      "fields": {
        "Created 201": [
          {
            "group": "Created 201",
            "type": "String",
            "optional": false,
            "field": "id",
            "description": "<p>User's id</p>"
          },
          {
            "group": "Created 201",
            "type": "String",
            "optional": false,
            "field": "name",
            "description": "<p>User's name</p>"
          },
          {
            "group": "Created 201",
            "type": "String",
            "optional": false,
            "field": "email",
            "description": "<p>User's email</p>"
          },
          {
            "group": "Created 201",
            "type": "String",
            "optional": false,
            "field": "role",
            "description": "<p>User's role</p>"
          },
          {
            "group": "Created 201",
            "type": "Date",
            "optional": false,
            "field": "createdAt",
            "description": "<p>Timestamp</p>"
          }
        ]
      }
    },
    "error": {
      "fields": {
        "Bad Request 400": [
          {
            "group": "Bad Request 400",
            "optional": false,
            "field": "ValidationError",
            "description": "<p>Some parameters may contain invalid values</p>"
          }
        ],
        "Unauthorized 401": [
          {
            "group": "Unauthorized 401",
            "optional": false,
            "field": "Unauthorized",
            "description": "<p>Only authenticated users can create the data</p>"
          }
        ],
        "Forbidden 403": [
          {
            "group": "Forbidden 403",
            "optional": false,
            "field": "Forbidden",
            "description": "<p>Only admins can create the data</p>"
          }
        ]
      }
    },
    "filename": "src/api/routes/v1/user.route.ts",
    "groupTitle": "User"
  },
  {
    "type": "patch",
    "url": "v1/users/:id",
    "title": "Delete User",
    "description": "<p>Delete a user</p>",
    "version": "1.0.0",
    "name": "DeleteUser",
    "group": "User",
    "permission": [
      {
        "name": "user"
      }
    ],
    "header": {
      "fields": {
        "Header": [
          {
            "group": "Header",
            "type": "String",
            "optional": false,
            "field": "Athorization",
            "description": "<p>User's access token</p>"
          }
        ]
      }
    },
    "success": {
      "fields": {
        "No Content 204": [
          {
            "group": "No Content 204",
            "optional": false,
            "field": "Successfully",
            "description": "<p>deleted</p>"
          }
        ]
      }
    },
    "error": {
      "fields": {
        "Unauthorized 401": [
          {
            "group": "Unauthorized 401",
            "optional": false,
            "field": "Unauthorized",
            "description": "<p>Only authenticated users can delete the data</p>"
          }
        ],
        "Forbidden 403": [
          {
            "group": "Forbidden 403",
            "optional": false,
            "field": "Forbidden",
            "description": "<p>Only user with same id or admins can delete the data</p>"
          }
        ],
        "Not Found 404": [
          {
            "group": "Not Found 404",
            "optional": false,
            "field": "NotFound",
            "description": "<p>User does not exist</p>"
          }
        ]
      }
    },
    "filename": "src/api/routes/v1/user.route.ts",
    "groupTitle": "User"
  },
  {
    "type": "get",
    "url": "v1/users/:id",
    "title": "Get User",
    "description": "<p>Get user information</p>",
    "version": "1.0.0",
    "name": "GetUser",
    "group": "User",
    "permission": [
      {
        "name": "user"
      }
    ],
    "header": {
      "fields": {
        "Header": [
          {
            "group": "Header",
            "type": "String",
            "optional": false,
            "field": "Athorization",
            "description": "<p>User's access token</p>"
          }
        ]
      }
    },
    "success": {
      "fields": {
        "Success 200": [
          {
            "group": "Success 200",
            "type": "String",
            "optional": false,
            "field": "id",
            "description": "<p>User's id</p>"
          },
          {
            "group": "Success 200",
            "type": "String",
            "optional": false,
            "field": "name",
            "description": "<p>User's name</p>"
          },
          {
            "group": "Success 200",
            "type": "String",
            "optional": false,
            "field": "email",
            "description": "<p>User's email</p>"
          },
          {
            "group": "Success 200",
            "type": "String",
            "optional": false,
            "field": "role",
            "description": "<p>User's role</p>"
          },
          {
            "group": "Success 200",
            "type": "Date",
            "optional": false,
            "field": "createdAt",
            "description": "<p>Timestamp</p>"
          }
        ]
      }
    },
    "error": {
      "fields": {
        "Unauthorized 401": [
          {
            "group": "Unauthorized 401",
            "optional": false,
            "field": "Unauthorized",
            "description": "<p>Only authenticated users can access the data</p>"
          }
        ],
        "Forbidden 403": [
          {
            "group": "Forbidden 403",
            "optional": false,
            "field": "Forbidden",
            "description": "<p>Only user with same id or admins can access the data</p>"
          }
        ],
        "Not Found 404": [
          {
            "group": "Not Found 404",
            "optional": false,
            "field": "NotFound",
            "description": "<p>User does not exist</p>"
          }
        ]
      }
    },
    "filename": "src/api/routes/v1/user.route.ts",
    "groupTitle": "User"
  },
  {
    "type": "get",
    "url": "v1/users",
    "title": "List Users",
    "description": "<p>Get a list of users</p>",
    "version": "1.0.0",
    "name": "ListUsers",
    "group": "User",
    "permission": [
      {
        "name": "admin"
      }
    ],
    "header": {
      "fields": {
        "Header": [
          {
            "group": "Header",
            "type": "String",
            "optional": false,
            "field": "Athorization",
            "description": "<p>User's access token</p>"
          }
        ]
      }
    },
    "parameter": {
      "fields": {
        "Parameter": [
          {
            "group": "Parameter",
            "type": "Number",
            "size": "1-",
            "optional": true,
            "field": "page",
            "defaultValue": "1",
            "description": "<p>List page</p>"
          },
          {
            "group": "Parameter",
            "type": "Number",
            "size": "1-100",
            "optional": true,
            "field": "perPage",
            "defaultValue": "1",
            "description": "<p>Users per page</p>"
          },
          {
            "group": "Parameter",
            "type": "String",
            "optional": true,
            "field": "name",
            "description": "<p>User's name</p>"
          },
          {
            "group": "Parameter",
            "type": "String",
            "optional": true,
            "field": "email",
            "description": "<p>User's email</p>"
          },
          {
            "group": "Parameter",
            "type": "String",
            "allowedValues": [
              "user",
              "admin"
            ],
            "optional": true,
            "field": "role",
            "description": "<p>User's role</p>"
          }
        ]
      }
    },
    "success": {
      "fields": {
        "Success 200": [
          {
            "group": "Success 200",
            "type": "Object[]",
            "optional": false,
            "field": "users",
            "description": "<p>List of users.</p>"
          }
        ]
      }
    },
    "error": {
      "fields": {
        "Unauthorized 401": [
          {
            "group": "Unauthorized 401",
            "optional": false,
            "field": "Unauthorized",
            "description": "<p>Only authenticated users can access the data</p>"
          }
        ],
        "Forbidden 403": [
          {
            "group": "Forbidden 403",
            "optional": false,
            "field": "Forbidden",
            "description": "<p>Only admins can access the data</p>"
          }
        ]
      }
    },
    "filename": "src/api/routes/v1/user.route.ts",
    "groupTitle": "User"
  },
  {
    "type": "put",
    "url": "v1/users/:id",
    "title": "Replace User",
    "description": "<p>Replace the whole user document with a new one</p>",
    "version": "1.0.0",
    "name": "ReplaceUser",
    "group": "User",
    "permission": [
      {
        "name": "user"
      }
    ],
    "header": {
      "fields": {
        "Header": [
          {
            "group": "Header",
            "type": "String",
            "optional": false,
            "field": "Athorization",
            "description": "<p>User's access token</p>"
          }
        ]
      }
    },
    "parameter": {
      "fields": {
        "Parameter": [
          {
            "group": "Parameter",
            "type": "String",
            "optional": false,
            "field": "email",
            "description": "<p>User's email</p>"
          },
          {
            "group": "Parameter",
            "type": "String",
            "size": "6..128",
            "optional": false,
            "field": "password",
            "description": "<p>User's password</p>"
          },
          {
            "group": "Parameter",
            "type": "String",
            "size": "..128",
            "optional": true,
            "field": "name",
            "description": "<p>User's name</p>"
          },
          {
            "group": "Parameter",
            "type": "String",
            "allowedValues": [
              "user",
              "admin"
            ],
            "optional": true,
            "field": "role",
            "description": "<p>User's role (You must be an admin to change the user's role)</p>"
          }
        ]
      }
    },
    "success": {
      "fields": {
        "Success 200": [
          {
            "group": "Success 200",
            "type": "String",
            "optional": false,
            "field": "id",
            "description": "<p>User's id</p>"
          },
          {
            "group": "Success 200",
            "type": "String",
            "optional": false,
            "field": "name",
            "description": "<p>User's name</p>"
          },
          {
            "group": "Success 200",
            "type": "String",
            "optional": false,
            "field": "email",
            "description": "<p>User's email</p>"
          },
          {
            "group": "Success 200",
            "type": "String",
            "optional": false,
            "field": "role",
            "description": "<p>User's role</p>"
          },
          {
            "group": "Success 200",
            "type": "Date",
            "optional": false,
            "field": "createdAt",
            "description": "<p>Timestamp</p>"
          }
        ]
      }
    },
    "error": {
      "fields": {
        "Bad Request 400": [
          {
            "group": "Bad Request 400",
            "optional": false,
            "field": "ValidationError",
            "description": "<p>Some parameters may contain invalid values</p>"
          }
        ],
        "Unauthorized 401": [
          {
            "group": "Unauthorized 401",
            "optional": false,
            "field": "Unauthorized",
            "description": "<p>Only authenticated users can modify the data</p>"
          }
        ],
        "Forbidden 403": [
          {
            "group": "Forbidden 403",
            "optional": false,
            "field": "Forbidden",
            "description": "<p>Only user with same id or admins can modify the data</p>"
          }
        ],
        "Not Found 404": [
          {
            "group": "Not Found 404",
            "optional": false,
            "field": "NotFound",
            "description": "<p>User does not exist</p>"
          }
        ]
      }
    },
    "filename": "src/api/routes/v1/user.route.ts",
    "groupTitle": "User"
  },
  {
    "type": "patch",
    "url": "v1/users/:id",
    "title": "Update User",
    "description": "<p>Update some fields of a user document</p>",
    "version": "1.0.0",
    "name": "UpdateUser",
    "group": "User",
    "permission": [
      {
        "name": "user"
      }
    ],
    "header": {
      "fields": {
        "Header": [
          {
            "group": "Header",
            "type": "String",
            "optional": false,
            "field": "Athorization",
            "description": "<p>User's access token</p>"
          }
        ]
      }
    },
    "parameter": {
      "fields": {
        "Parameter": [
          {
            "group": "Parameter",
            "type": "String",
            "optional": false,
            "field": "email",
            "description": "<p>User's email</p>"
          },
          {
            "group": "Parameter",
            "type": "String",
            "size": "6..128",
            "optional": false,
            "field": "password",
            "description": "<p>User's password</p>"
          },
          {
            "group": "Parameter",
            "type": "String",
            "size": "..128",
            "optional": true,
            "field": "name",
            "description": "<p>User's name</p>"
          },
          {
            "group": "Parameter",
            "type": "String",
            "allowedValues": [
              "user",
              "admin"
            ],
            "optional": true,
            "field": "role",
            "description": "<p>User's role (You must be an admin to change the user's role)</p>"
          }
        ]
      }
    },
    "success": {
      "fields": {
        "Success 200": [
          {
            "group": "Success 200",
            "type": "String",
            "optional": false,
            "field": "id",
            "description": "<p>User's id</p>"
          },
          {
            "group": "Success 200",
            "type": "String",
            "optional": false,
            "field": "name",
            "description": "<p>User's name</p>"
          },
          {
            "group": "Success 200",
            "type": "String",
            "optional": false,
            "field": "email",
            "description": "<p>User's email</p>"
          },
          {
            "group": "Success 200",
            "type": "String",
            "optional": false,
            "field": "role",
            "description": "<p>User's role</p>"
          },
          {
            "group": "Success 200",
            "type": "Date",
            "optional": false,
            "field": "createdAt",
            "description": "<p>Timestamp</p>"
          }
        ]
      }
    },
    "error": {
      "fields": {
        "Bad Request 400": [
          {
            "group": "Bad Request 400",
            "optional": false,
            "field": "ValidationError",
            "description": "<p>Some parameters may contain invalid values</p>"
          }
        ],
        "Unauthorized 401": [
          {
            "group": "Unauthorized 401",
            "optional": false,
            "field": "Unauthorized",
            "description": "<p>Only authenticated users can modify the data</p>"
          }
        ],
        "Forbidden 403": [
          {
            "group": "Forbidden 403",
            "optional": false,
            "field": "Forbidden",
            "description": "<p>Only user with same id or admins can modify the data</p>"
          }
        ],
        "Not Found 404": [
          {
            "group": "Not Found 404",
            "optional": false,
            "field": "NotFound",
            "description": "<p>User does not exist</p>"
          }
        ]
      }
    },
    "filename": "src/api/routes/v1/user.route.ts",
    "groupTitle": "User"
  },
  {
    "type": "get",
    "url": "v1/users/profile",
    "title": "User Profile",
    "description": "<p>Get logged in user profile information</p>",
    "version": "1.0.0",
    "name": "UserProfile",
    "group": "User",
    "permission": [
      {
        "name": "user"
      }
    ],
    "header": {
      "fields": {
        "Header": [
          {
            "group": "Header",
            "type": "String",
            "optional": false,
            "field": "Athorization",
            "description": "<p>User's access token</p>"
          }
        ]
      }
    },
    "success": {
      "fields": {
        "Success 200": [
          {
            "group": "Success 200",
            "type": "String",
            "optional": false,
            "field": "id",
            "description": "<p>User's id</p>"
          },
          {
            "group": "Success 200",
            "type": "String",
            "optional": false,
            "field": "name",
            "description": "<p>User's name</p>"
          },
          {
            "group": "Success 200",
            "type": "String",
            "optional": false,
            "field": "email",
            "description": "<p>User's email</p>"
          },
          {
            "group": "Success 200",
            "type": "String",
            "optional": false,
            "field": "role",
            "description": "<p>User's role</p>"
          },
          {
            "group": "Success 200",
            "type": "Date",
            "optional": false,
            "field": "createdAt",
            "description": "<p>Timestamp</p>"
          }
        ]
      }
    },
    "error": {
      "fields": {
        "Unauthorized 401": [
          {
            "group": "Unauthorized 401",
            "optional": false,
            "field": "Unauthorized",
            "description": "<p>Only authenticated Users can access the data</p>"
          }
        ]
      }
    },
    "filename": "src/api/routes/v1/user.route.ts",
    "groupTitle": "User"
  }
]
